Colonna,Null Count,Null Percentage (%),Non-Null Count
CryoSleep,217,2.4962613597147127,8476
VIP,203,2.3352122397331185,8490
Names,200,2.300701714022777,8493
Age,179,2.0591280340503855,8514
RoomService,2,0.02300701714022777,8691
FoodCourt,2,0.02300701714022777,8691
Group,0,0.0,8693
Deck,0,0.0,8693
Surnames,0,0.0,8693
Side,0,0.0,8693
Num,0,0.0,8693
ShoppingMall,0,0.0,8693
VRDeck,0,0.0,8693
Spa,0,0.0,8693
GroupSize,0,0.0,8693
Destination,0,0.0,8693
HomePlanet,0,0.0,8693
Transported,0,0.0,8693
